id;login;first_name;last_name;email;image_url;activated;lang_key
1;"4f_2";Franco;Wuckert;Sage.Hintz@hotmail.com;boldly;false;unbearably
2;"*G@Vu";Kenny;Rutherford-Kemmer;Hallie_Collins81@gmail.com;only;false;deceivingl
3;"jOR@eaU\;n6k6K-\^6wZcD\;mn\$AI59-";Devin;Weimann;Jettie.Goldner@hotmail.com;behold concerned;true;amid
4;"3";Emmie;Swaniawski;Lilly90@gmail.com;brr broadly;false;ugh till
5;"f";Monique;Bartell;Deshawn_Hahn@yahoo.com;rush;true;plaintive 
6;"U-7g@iG\LQX\LCl\I-Mre\YP5k";Coty;Ullrich;Jasen.Funk@hotmail.com;yippee nervously;false;stealthily
7;"FOr4mM@Kf\{1yj\Jt\XNTrQaA\Ebm";Tamara;Schaefer;Jakob48@hotmail.com;decent ouch;false;yum respon
8;"e|@XcHqyy\Ai5Iz0m\EIJ\oCDL\lWTz\c3LntE";Amara;Lowe;Roslyn21@gmail.com;joggle;false;challenge 
9;"g";Shawn;Ledner;Iva99@gmail.com;hog plug;true;atop rouge
10;"w=H}@ZJH";Theresa;Hane;Leatha_Pacocha@gmail.com;odd;true;politely d
